評論人,評論時間,裝置,應用程式版本名稱,星等,評論內容
王易騰,2026年9月1日 15:43,Google Pixel 10,4.15.0,3,結帳到一半跳出去看資訊回來就要重填，希望改善
Vincent Chiu,2026年8月30日 12:06,Samsung Galaxy A51 5G,4.15.0,3,"共享車停在緊靠人行道內的停車格，共有2格，2台車並排，剛好租到靠內側的車子，鄰車太長凸出人行道一點點，造成我租的車子很難上、下人行道，建議改善停車格的位置。"
Nao Guo,2026年8月30日 11:47,Samsung Galaxy S24 FE,4.15.0,5,"App 操作蠻直覺的、好用，車子也維持得很乾淨，車況很好。下次會再繼續使用"
梁雅婷,2026年8月29日 12:32,Samsung Galaxy S25 Ultra,4.14.1,5,好開 讚👍
Sheng-Hsun Lin,2026年8月28日 14:42,vivo X300 Pro,4.15.0,5,簡單好操作
Hung-Chieh Lien,2026年8月25日 19:55,Sony Xperia 1 III,4.13.0,1,應用運行速度太慢了。
宜容李,2026年8月21日 02:11,Samsung Galaxy S25 Ultra,4.15.0,1,廣告太久，佔用時間 爛
周軒逸,2026年8月14日 22:34,Google Pixel 9 Pro XL,4.14.1,2,車子沒有清潔
Boyiilee Boyiilee,2026年8月13日 07:01,Oppo CPH2239,4.14.1,4,還車流程不應該計入租車時間
陳先生,2026年8月7日 21:56,Vivo Y18,4.14.1,3,太累了太囉嗦了帳戶詳细资料不能给恐有詐sorry、
吾名茜,2026年8月6日 10:19,Oppo CPH2251,4.13.0,5,方便快速
9M,2026年8月1日 23:54,Oppo OPPO Reno8 5G,4.13.0,1,一直被登出
popkidstu123,2026年7月29日 17:49,POCO M7,4.13.0,5,"很棒的，使用情況。車子外面有刮痕，第一次會搞不清楚情況 app可以在友善一點。"
Benjamin Hung,2026年7月29日 15:23,realme 13 5G,4.12.2,5,很順很方便！
Numen Chen,2026年7月29日 11:54,Redmi Note 13 Pro 5G,4.13.0,1,"管轄編號錯誤了，又不給人修改，又不准刪除帳號，否則180天不給使用，那APP BUG,令使用者無所適從，阿是怎樣，FXK"
陳小陳,2026年7月26日 23:45,Samsung Galaxy S23 Ultra,4.13.0,5,車子外觀 內裝保持良好
魏月霞,2026年7月18日 17:14,Samsung Galaxy A56 5G,4.12.2,2,"the rest, -老人根夲不会弄，就一直叫要更新很煩不要再跳出來了，一"
黃坤淋,2026年7月10日 12:48,Motorola moto g55 5G,4.11.0,5,方便快速租用車
陳子騫,2026年7月7日 21:15,Xiaomi Mi 10 Ultra,4.10.2,5,方便又快速的租車選擇
Kevin,2026年7月5日 14:16,Samsung Galaxy A33 5G,4.11.0,5,非常方便
GARY LIN,2026年6月21日 12:11,Samsung Galaxy S22 Ultra,4.10.2,5,讚讚
阿部阿部,2026年6月12日 10:50,Redmi Note 14 Pro 5G,4.10.2,1,優秀
江明南,2026年6月9日 21:41,Vivo V2111,4.9.0,2,可以來一趟小旅行
50張立瑜,2026年6月7日 21:47,Samsung Galaxy A26 5G,4.8.0,4,讚
Kuochih Hung,2026年6月7日 16:01,POCO F5,4.9.0,5,不錯
E Kung,2026年5月30日 15:37,Samsung Galaxy A54 5G,4.8.0,5,讚
喻華德,2026年5月29日 17:23,Google Pixel 8,4.9.0,5,"沒有煙味，app也比競爭對手簡單易用。"
鄭雷震,2026年5月27日 13:46,vivo T4 Pro,4.8.0,5,格上滿好訂車的APP 讚哦！
SHENG,2026年5月19日 15:59,Asus ROG Phone 9 Pro,4.8.0,2,"預約的共享車到了現場之後還發現車子不在現場，相當糟糕"
peng roy,2026年5月16日 13:31,Samsung Galaxy S22 Ultra,4.8.0,4,"程式更新後，每開關軟體都會登出，又要再登入一次，有點不便希望能解決"
周君義,2026年4月30日 09:14,Samsung Galaxy A23 5G,4.1.0,5,"方便好用，車輛選擇多，租借點密集。"
徐霆宇,2026年4月28日 23:32,Samsung Galaxy S24+,4.4.2,1,合約標示不完全，並未註明同站租還會收取在站點的停車費
ヴィンセント,2026年4月22日 15:23,Sony Xperia 1 II,4.6.0,5,"每次只要使用優惠券，保存的電子簽名就會全部失效 2026：目前更新後已正常"
C.H Huang,2026年4月19日 12:06,Samsung Galaxy S24+,4.6.0,3,"已經使用一年都正常 今天改版之後無法常態保持登入 甚至同一組密碼早上還可以登入 但是突然被登出之後 無法再次使用相同密碼登入"
___,2026年4月18日 12:31,Samsung Galaxy S24+,4.6.0,3,改版後，每次退出APP都要重新登入
衛雲生,2026年4月14日 12:51,Redmi Note 12 Pro 5G,4.4.2,4,方便是方便但是要照很多照片
Chienkuo Wang,2026年4月13日 10:05,Sony Xperia 10 III,4.4.2,5,定車流程自然順暢
朱國忠,2026年4月11日 21:02,Asus ROG Phone 6D Ultimate,4.4.2,5,方便
Fairy Ga,2026年4月6日 11:06,Samsung Galaxy A16 5G,4.4.2,4,車子外觀清潔不優
許瑋哲,2026年4月4日 09:32,Asus ZenFone 7 / 7 Pro (ZS670KS/ZS671KS),4.4.1,5,方便快速
陳儷蓉,2026年4月1日 19:17,Oppo Reno13 Pro 5G,4.4.1,5,好棒，很好開
趙祥竹,2026年4月1日 15:15,Samsung Galaxy A56 5G,4.4.1,5,方便好用
陳威全,2026年4月1日 01:51,Google Pixel 9 Pro XL,4.4.1,4,第一次熟悉車輛中
放肆小辣椒,2026年3月30日 11:13,Samsung Galaxy S25+,4.4.1,5,方便好用
Goodspeed,2026年3月25日 17:04,Xiaomi 12,-,3,"以前核銷租車券後會分別顯示十張在券匣裡，不知道何時開始變成不會完整顯示，我核銷了兩筆各十張券，結果只出現兩張，這樣我是會知道還剩多少張能用嗎？"
陳素鑾,2026年3月23日 15:59,Asus ROG Phone 9 Pro,-,5,對於看車班詳細很明解
Joe Shih,2026年3月22日 15:18,TCL NXTPAPER 60 Ultra,4.4.0,5,方便快速
范譯文,2026年3月22日 07:59,Samsung Galaxy A55 5G,4.4.0,5,希望都能看全局 都能用中国翻譯台湾
映茹彭,2026年3月21日 14:34,realme RMX3771,4.4.0,5,方便，好用
仲大志,2026年3月20日 17:17,Samsung Galaxy S25 Edge,4.3.0,5,"非常方便的共享租車方式 車輛很省油，好開 下次有需求，還會再使用 很方便又省錢。 讚!值得推薦。"
Bruce Lin,2026年3月12日 11:34,Vivo V50,4.3.0,4,使用便利
Alex Yu,2026年3月10日 22:37,Redmi 13C,4.3.0,5,"租車非常方便 介面也很直觀跟簡潔"
尹德揚,2026年3月9日 15:18,Redmi Note 11 Pro+ 5G,4.3.0,3,還行
林菁源,2026年3月5日 23:37,Vivo V50,4.1.2,5,很方便
施玉龍,2026年3月2日 19:12,Samsung Galaxy Z Flip7,4.1.2,5,還不錯·優·方便
Cheng-Chieh CHANG,2026年2月28日 17:05,Samsung Galaxy S25 Ultra,4.1.2,5,"手續簡單輕鬆，車況也很新。"
張曉縵今日特餐50元全國各地抓鎖張曉縵,2026年2月24日 12:12,Redmi 14C,-,5,更新版本破產
黑翼,2026年2月23日 19:40,Oppo Reno4 5G,4.1.1,5,"車況好，租車流程順暢"
panda Chen,2026年2月19日 19:14,Oppo Reno13 5G,4.1.1,5,方便舒適
潘吇譽,2026年2月19日 09:45,Samsung Galaxy S22,4.1.1,5,"客服專員請多加訓練，APP操作模式根本就不熟悉，電話可以增設網路電話可以立刻撥通有人可以服務，不是一直在排隊等待，出車禍怎麼辦？ 共享汽車收費直接收取24小時，我只使用3小時卻被收取3000，還被迫需要等待12-20個工作天，超收費用才會退回來，Irent汽車是當下使用多少就只收多少，， 格上租車的使用體驗感受非常非常的差，而且租車價格也比Irent的貴，，使用一次再也不想承租了 是誰想被超收還等那麼久才退款的，又不是白痴，"
鍾昇亮,2026年2月18日 22:28,Samsung Galaxy Note10+,4.1.1,5,好用
羅阿仁,2026年2月18日 21:00,Samsung Galaxy S24 FE,4.1.1,5,好用方便
薛人傑,2026年2月18日 20:52,-,3.97.1,3,車內外都很髒
Jason Yang,2026年2月18日 18:21,Samsung Galaxy Z Flip7,4.1.1,1,"車身太髒，至少一個月都沒洗車了。過年長租車應該要特別整理。才對。"
freeline pan,2026年2月18日 16:16,Xiaomi 14T Pro,4.1.1,5,"好用、方便、是否有車輛可以租用一目了然😁"
SY Yang,2026年2月18日 14:41,Redmi Note 8T,4.1.1,5,太方便了
綺羅生（給我個理由）,2026年2月17日 20:36,Samsung Galaxy M14 5G,4.1.1,5,車子外觀太髒……
許勝智,2026年2月17日 12:56,Oppo Reno10 Pro 5G,4.1.1,3,雨刷刷不乾淨
黃凱佑,2026年2月10日 17:36,-,4.1.0,5,"很好用，謝謝。"
林俊榮,2026年2月8日 04:48,Oppo A77 5G,4.0.0,5,左邊車燈照射距離跟右邊的不一樣喔！
jason boy,2026年2月6日 23:13,realme 13 5G,-,1,垃圾app介面不能用 到底
賴品諺,2026年2月5日 02:33,Redmi Note 12 Pro 5G,-,5,共享車體驗讚
小智乃,2026年2月3日 09:51,Samsung Galaxy Note20 Ultra 5G,3.95.0,5,"希望格上可以有更多車款加入共享車 希望台南新營 可以 有一個據點有xc40或golf可以租"
Xuan LX,2026年2月1日 15:30,Google Pixel 8,4.0.0,5,"1/27新店斯馨站租Sentra(6703) 完成預約但取車時發生-預約資訊異常-無法取車， 聯絡電話客服後才順利取車， 有自己嘗試過重開機也無法排除問題， 請問有沒有異常問題原因跟因應方式提供參考，謝謝！"
Serapn sh,2026年2月1日 07:39,Oppo Find X8,4.0.0,1,"跟irent一樣半斤八兩，一堆垃圾條款，繳費繳的莫名其妙"
Cole,2026年1月25日 22:01,Asus Zenfone 8 Flip,4.0.0,5,非常方便
Jack,2026年1月25日 17:06,Xiaomi 15 Ultra,4.0.0,1,"設計的軟體要不要自己試用看看？ 連選站租車的點選都無效化了， 整個app如同虛設。"
忠憲吳,2026年1月25日 04:20,Oppo Reno12 Pro 5G,3.99.1,5,好用
Lawrence Juo,2026年1月16日 13:08,Samsung Galaxy S24 Ultra,3.99.1,4,過年硬要限三天不是很好
DH,2026年1月11日 19:00,Google Pixel 7,3.99.1,2,越來越爛 IRENT 化了 車上都髒的
實研魁章,2026年1月11日 18:46,Samsung Galaxy Note9,3.99.1,5,"車內清潔，沒有味道，非常值得推薦，若有需要，一定繼續使用。"
泰迪熊（泰迪熊）,2026年1月10日 22:57,Samsung Galaxy S25+,3.99.1,5,不錯！租車真方便
CLin Peng,2026年1月8日 18:32,Samsung Galaxy A54 5G,3.99.1,3,"找車用了一小時，其餘不錯"
莊曜浚,2026年1月6日 18:10,Samsung Galaxy S25 Ultra,3.98.1,5,好用方便省錢移動式的好方式
IIKKIINN SSOO,2026年1月5日 13:44,Samsung Galaxy A53 5G UW,3.98.1,5,操作簡單明瞭
Peter Pure,2026年1月2日 17:52,Vivo V2124,-,3,"以前 還可 逮到 揪出 抓住了 真正 的 mac !真正 的 ip ！ 請注入 增加 AI 以 強化 增固！"
CHAO TE WU,2025年12月29日 15:32,Samsung Galaxy S20 Ultra 5G,3.98.1,5,方便
黃凱西黃凱西,2025年12月27日 13:45,Oppo Reno13 Pro 5G,3.98.1,5,車子還不錯 謝謝
李承傑,2025年12月26日 20:17,Oppo Reno10 Pro+ 5G,-,5,非常好的體驗
謝鎮盟,2025年12月25日 12:28,vivo T4 Pro,3.93.1,4,第一次使用還不清楚
林倩如,2025年12月17日 21:06,Samsung Galaxy Z Flip7,3.97.0,4,"車況還不錯，只是後照鏡污漬多 。導致看不清楚。"
Leo Lee,2025年12月17日 10:57,Sony Xperia 5 V,3.97.1,1,"現在這app改成紙糊的嗎？選了站點、時間以後，要開始挑車，點進去轉圈完跑系統錯誤，然後就一直重複發生系統錯誤的循環..."
小黑,2025年12月9日 16:46,Samsung Galaxy S25 Ultra,3.96.0,5,方便簡單
黃素青,2025年12月6日 21:47,Huawei Mate 20,3.96.0,3,遮陽板掉落
Darren Chiang,2025年12月3日 19:45,OnePlus 12,3.96.0,2,"停車費應該還車的時候就要結清，怎麼會被催繳了才轉價給消費者？"
王舒,2025年11月25日 21:59,Samsung Galaxy Z Flip7,3.95.0,5,"第一次租借，真的很方便、下午有需要會多多使用。"
Ethan Yang,2025年11月23日 11:54,Google Pixel 6 Pro,3.95.0,1,"好像沒辦法設定一天內借還的租車啊 ……APP內強制都要隔日借還，這樣要當日借還的根本沒法使用"
廖峻陞,2025年11月21日 17:56,Huawei HUAWEI Mate 20 X (5G),3.95.0,5,操作方便簡單不錯用
黃小東,2025年11月20日 16:24,Oppo Find X8 Pro,3.95.0,5,資料審核很快不錯哦！！
hanks Li,2025年11月17日 20:18,Samsung Galaxy A55 5G,3.95.0,3,沒導航
彭珮筠,2025年11月16日 09:17,Samsung Galaxy Z Flip6,3.95.0,5,"第一次租格上共享汽車，體驗還不錯，值得分享"
Lina LU,2025年11月14日 20:10,Samsung Galaxy S23 Ultra,3.95.0,5,"車況不錯 車內座椅乾淨"
Gilbert Cheng,2025年11月14日 18:51,Samsung Galaxy A55 5G,3.95.0,2,"站點太少，租還車過程太麻煩"
陳子維,2025年11月13日 17:18,Samsung Galaxy S25 Ultra,3.95.0,1,程序有夠麻煩
Jeffrey Chang,2025年11月10日 00:52,Samsung Galaxy A54 5G,3.94.0,3,"還車拍照的系統尚需改善，無法讓相機對焦，導致畫面不清晰，若有所爭議，這點只能貴司再行調整。"
Howard Liu,2025年11月8日 22:08,Sony Xperia 1 V,3.94.0,5,很方便
RJ Hsiao,2025年11月7日 14:55,Google Pixel 10 Pro,3.94.0,1,"去你的電子簽名審核不通過！就你審核不過！什麼叫作要「以正楷中文書寫」？你去跟川普說要用正楷英文書寫簽名啊！去跟周杰倫說要用正楷中文簽名啊！簽名是為了個人簽署，必須要有獨特性、難以模仿，要「以正楷中文書寫」那是不是乾脆電腦打字就好？一定是清楚好辨識且好模仿的啦！況且現在都什麼時代了，你們要不要查一下銀行怎麼用FIDO取代簽名的？明明你們也用手機上的生物辨識，卻連這個都做不到嗎？你們是自己沒有簽名需求，不知道用手機小螢幕簽名很難簽嗎？還是你們出門都拿平板借車？"
蔡toto,2025年11月5日 13:54,Samsung Galaxy Note20 5G,3.94.0,5,很方便
Oscar Hsu,2025年10月28日 22:46,Samsung Galaxy S22+,3.93.1,4,"線上可以選的車不多 操作簡單"
JIAJENG Ju,2025年10月26日 13:05,Vivo X100 Pro,3.93.1,5,讚
許雅真,2025年10月26日 12:58,Samsung Galaxy S23 Ultra,3.93.1,1,無法註冊
chang franklyn,2025年10月25日 17:45,Asus ROG Phone 7 series,3.93.1,5,APP 租 Luxgen n7 電動車 很方便 ！！
空境（之）,2025年10月20日 10:19,Samsung Galaxy A71,3.93.1,1,"小車 租不到三天要七千多，嚇死人 下次不會再用了！！"
草尼馬趕羚羊,2025年10月17日 15:30,Oppo Reno7 Z 5G/Reno7 Lite 5G/Reno8 Lite 5G,-,1,"垃圾審合軟體 同樣的證件照片 別家的都能通過 就你家的傳好幾次 還TMD通不過 還說我的證件有問題 你們這間靠政府補助 的爛公司才有問題"
不知道,2025年10月15日 14:10,Samsung Galaxy A55 5G,3.92.0,1,超爛超難用
王曉惠,2025年10月14日 01:20,Oppo K12x 5G,-,1,不順超不順的現在都亂掉了整個手機亂叫
豐森楊,2025年10月13日 07:48,HTC U23 pro,3.91.0,5,讚噢 滿分
Ko Young,2025年10月12日 16:43,Asus ZenFone 7 / 7 Pro (ZS670KS/ZS671KS),3.92.0,4,"此次車輛是MG車款，還有天窗配備，感覺不錯。 只是車輛5am要開出三總停車場時，有感應停車卡及車牌辨識，都無法開門，有點延遲出發時間。 最後是打電話給停車場管理員，才幫忙解決柵欄沒開的問題。 但整體租車使用感覺都可以。"
Wei-Tsung Hung,2025年10月11日 14:59,Asus ROG Phone 9 Pro,3.92.0,5,"借還車流程順暢，車況良好，車內乾淨無菸味無狗貓毛，下次一定再借一次"
Jalon Chen,2025年10月10日 21:07,Google Pixel 6 Pro,-,1,"我又沒安裝，卻一直收到認證簡訊"
鄭嘉緯,2025年10月8日 18:08,Google Pixel 8a,3.92.0,1,"第一次短程試用狀況很不錯，於是第二次承租安排長途多日旅程，但是....就出大包了 第一台車已於3天前預約，但當天居然找不到車，而且app還車的照片，5張都是無車牌，空白的地板照，找到取車時限快到只能無奈取消重找，預約時的優惠沒了 好不容易在走路路程20分鍾後的停車場取到第二台車（已清潔認證），牽車時發現車窗都微開，因已延遲行程所以沒留意異狀，但...在路途中就發現問題了， 原來前客應該是載寵物+寵物飼料，飼料味開始不斷飄出，即使已買除臭劑+室外循環+開窗，還是有非常重的味道，除了貴600，還有散不去的寵物飼料味 第一天就反應客服，也是只能回覆：很抱歉，因為已經離開本地，且已使用，無法做任何處理，目前旅途進行中，也只能自認倒楣了 以上，請大家要多留意這些問題，以免旅途掃興。"
許影由,2025年10月7日 15:51,Samsung Galaxy S25 Ultra,3.92.0,5,很好
香風智乃,2025年10月7日 01:15,Samsung Galaxy S25,3.91.0,5,希望異站租還可以到嘉義或台南
Gunter Lee,2025年10月4日 22:30,Samsung Galaxy A55 5G,3.92.0,5,"車況好，價格公道"
廖建智,2025年10月3日 16:11,Oppo A5 5G,3.92.0,5,方便乾淨
Hanmin Su,2025年9月29日 18:21,Sony Xperia 1 VI,3.91.0,1,常常開啟的時候都會轉很久... 或是卡住沒辦法進共享地圖..
楊淇璋,2025年9月29日 00:25,Xiaomi 11T,3.91.0,5,讚
chiaho tsai,2025年9月28日 20:56,Samsung Galaxy S24 Ultra,3.91.0,4,胎壓偵測不正常 無法校正
WD L,2025年9月27日 23:12,Oppo Reno14 Pro 5G,3.89.1,1,"我換OPPO Reno 14 PRO租車，租車前不是要拍照，左前方，右前方，左後方，右後方，我進拍照畫面，畫面的顯示，畫面整個放大，無法調整。我手機相機是正常的，希望工程師能幫忙改善"
楊崇欣,2025年9月27日 23:04,Samsung Galaxy S23 Ultra,3.91.0,5,"這台車很好開，唯獨冷氣聲音很大聲"
黃俊榮,2025年9月27日 16:05,Samsung Galaxy S25 Ultra,3.91.0,3,車內清潔不太行
jonas,2025年9月18日 17:44,Google Pixel 4a (5G),3.91.0,3,新註冊用戶輸入邀請碼：AzEWL 最高賺390租車金
有隻熊,2025年9月6日 00:54,Oppo A5 Pro 5G,3.90.0,5,也是不錯的選擇
Owen Chen,2025年9月5日 10:14,Google Pixel 7 Pro,3.90.0,1,"🐛無法刪除信用卡；🤬當初在預約時顯示「預約租金（不含里程費/eTag）」是880，我甚至有預約當下的截圖。但最後的「時間租金」扣掉「優惠方案」（不含任何里程費、安心免責、額外費用）竟然是2280，被騙的感覺"
Yang Kevin,2025年9月2日 16:33,POCO X6 Pro 5G,3.89.2,3,車身不潔，外表有損(我租之前即存在)
Hunter Chen,2025年9月1日 16:06,HTC Desire 22 5G,3.88.1,5,方便快速
林耀,2025年8月30日 16:30,Oppo Reno Z,3.88.1,5,很棒
建宏,2025年8月25日 19:30,Samsung Galaxy A8+(2018),3.89.1,5,方便
yuan-hou sun,2025年8月25日 09:29,Vivo X100 Pro,3.89.1,5,讚
蔡育陞,2025年8月17日 17:26,Asus Zenfone 11 Ultra,3.88.1,5,讚！
蔣凱宸,2025年8月17日 00:58,Oppo Reno 11 Pro,3.88.1,5,好用
Hountree Chen,2025年8月16日 22:30,Samsung Galaxy S23 Ultra,3.88.1,5,讚
張仕昌,2025年8月11日 12:38,Samsung Galaxy S23 Ultra,3.88.0,5,不錯
id Super,2025年8月10日 16:10,Samsung Galaxy A55 5G,3.88.0,1,"密碼要求一大堆，什麼組合都不行"
Chen Owen,2025年8月8日 10:19,Google Pixel 7 Pro,-,1,"預約當下的「預約租金（不含里程費/eTag）」是騙人的，最後還車時的金額高很多🤬 反應客服後，只願意賠償「優惠券」。所以我必須「再次」租車才能彌補「這次」的損失，而且優惠券也分成好幾張、一次租車只能抵用一張🤬 最初是你們的失誤，要賠償也很不乾脆"
ko bingtau,2025年8月6日 11:16,Xiaomi Mi 11 Pro,3.87.1,5,好方便
林志學婕依爸,2025年7月30日 16:03,Samsung Galaxy A22 5G,3.86.1,5,現場服務人員超棒的
潘月珠,2025年7月30日 02:39,Oppo Reno10 Pro 5G,-,5,好
張鈞,2025年7月27日 23:53,Samsung Galaxy S22,3.87.1,5,"車況與車種都很多元。定價也合理"
Perfume Wang,2025年7月21日 11:20,Samsung Galaxy Z Flip3 5G,3.86.1,5,郭站長 服務很熱心
Keena Z,2025年7月21日 01:21,Samsung Galaxy S22 Ultra,-,2,證件明明已經補件，還是一直顯示請重新上傳
Queenty Chen,2025年7月19日 20:09,Samsung Galaxy A54 5G,3.86.1,1,上一台車沒有key
L S,2025年7月19日 16:55,Samsung Galaxy A55 5G,3.71.0,5,裕隆的就是比較貼心實在 也比較沒有三手菸問題
[布萊恩旅遊日記]（布萊恩旅遊日記）,2025年7月19日 16:52,Vivo X100 Pro,3.86.1,5,後座殘留上位使用者煙灰
江育米,2025年7月18日 22:55,Asus ROG Phone 5 series,3.86.1,5,車輛乾淨，app使用上也順暢，真的大推。
Tom Wu,2025年7月18日 10:24,Samsung Galaxy A56 5G,3.86.1,5,還不錯用
Gino Chen,2025年7月18日 07:38,Samsung Galaxy A56 5G,3.86.1,5,操作嘛麻煩
Spikeykuo Kuo,2025年7月17日 15:50,Samsung Galaxy A56 5G,3.86.0,5,可靠
網路小子,2025年7月15日 15:34,Samsung Galaxy S25 Ultra,3.86.0,1,"APP亂設計，變成無法取車，預約好的車要在現場取消再重新預約。好棒棒的薪水小偷，好棒棒的資訊部！"
麒ming,2025年7月15日 11:19,Oppo R15 Pro,3.86.0,5,租車透明化，多種選擇
BeBo Lin,2025年7月13日 16:12,Samsung Galaxy S21+ 5G,3.86.0,2,"整體體驗都不錯，車子算整潔，但租車你預扣費用是什麼意思？我還沒用就先被扣一筆3000塊？我才用多久而已，人家irent都沒你暴力..."
鄭文彬,2025年7月10日 14:40,Vivo V29,3.86.0,5,車美 好開
陳國銘,2025年7月2日 11:03,HTC Desire 20 Pro,3.85.0,5,方便
張海龍,2025年7月1日 15:57,Samsung Galaxy A54 5G,3.85.0,3,前輪抖動 雨刷抖動
sky,2025年6月30日 19:46,Samsung Galaxy S21 5G,3.85.0,5,讚！比irent好太多了
Renee Chang,2025年6月29日 21:22,Sony Xperia 10 V,3.85.0,5,車子品質佳
蔡亞錡,2025年6月28日 18:51,Samsung Galaxy S25 Ultra,3.85.0,5,很棒
廖浚銘,2025年6月26日 22:04,Samsung Galaxy S22 Ultra,3.85.0,5,很好
葉正昌,2025年6月25日 19:05,Oppo A5 Pro 5G,3.84.0,5,棒
煬雨,2025年6月15日 15:05,Oppo A72,-,1,註冊帳號綁駕照毛一堆，小心被坑錢
革命,2025年6月13日 11:08,Samsung Galaxy S24+,3.84.0,1,"古代人的租車系統。誰還用紙本駕照呀。食古不化。難怪生意沒比和運好。思維要進化。不要LKK.爛到爆的格上。不再跟你們打交道了。X"
吳忻樺,2025年6月5日 06:12,Samsung Galaxy M14 5G,3.83.1,5,非常好。
楊布魯斯,2025年5月28日 19:44,Xiaomi 14T Pro,3.83.1,1,一直驗證一直要我重新驗證，鬼打牆的app
陳添貴,2025年5月23日 11:33,Asus Zenfone 9,-,1,無法登入
黄森源,2025年5月14日 15:10,Honor HONOR Magic5 Pro,3.81.0,3,"有點無語，好像沒有台灣手機號碼就服務不了，其它國家手機號碼註冊就只有了解功能，體驗有點不好！"
Dragon Jhu,2025年4月28日 17:40,Samsung Galaxy S20 FE 5G,3.80.0,1,"敬告格上，車輛安全為租車行業的基本。若連最基本的輪胎把關也沒做好，日享租車乾脆收一收了；做好門市租賃即可吧。平常都至門市預約租車，這次剛好試了日享車，結果租到一台輪胎磨到編織層出來的車。夜色昏暗，等到白天看到發現時，我只能說我一家人真的是福大命大安全度過高速公路。格上！加油，好嘛"
林志展,2025年4月6日 23:06,Samsung Galaxy S21 Ultra 5G,3.79.0,1,"麻煩系統設定一下，隨意租還車輛顯示剩餘租用次數，不然我本來可以在空地還車再租用，結果不給我租用，後來要跟我收拖吊費，還給我報價3000以上，無上限，很敢說。"
Eddie Tseng,2025年3月9日 11:14,Oppo Find X8,3.77.0,1,app上不能更改支付信用卡.要去網站太麻煩
Johnhow Fan,2025年3月7日 04:09,Redmi Note 8 Pro,3.77.0,5,好的
Lung Loopee,2025年2月18日 06:13,Samsung Galaxy A71 5G,-,5,"比iRent好用太多了，iRent客服超爛的一次我就不想用了，格上，超讚"
Alex Shih,2025年2月12日 09:09,Sony Xperia 1 IV,3.75.2,1,昨晚到現在上午九點多，該 app 仍然是當機狀態，根本動不了！
Hsieh KaiHsaun,2025年1月24日 22:27,Asus Zenfone 10,3.74.0,2,還車流程超級反直覺，然後Luxgen S3寧可不租，垃圾中的垃圾
WHY Y,2025年1月21日 14:52,Samsung Galaxy Z Flip6,3.73.0,5,"體驗和車子比irent好！希望可以有更多北市臨停的選擇和租/還車付款時候可以快速驗證，不用還要收簡訊再otp~~"
李俊樑,2025年1月20日 22:45,Samsung Galaxy A52s 5G,3.73.0,1,"在當天想要租車時詢問櫃檯，櫃檯解釋無法在當日無預約情況下租車建議我利用共享車輛租賃，下載app並抵達車輛處後，一系列的動作催促和付款方式綁定已經搞得使用者焦慮不安，在超過預定使用時間未還車接到通知時（預定時間設定6hr）也打去門市詢問，得到的通知是只要未超過當日的時間歸還最高只要支付10hr的租金，結果還車時通知逾時4hr,作為罰金，除了本來的租金外我還要支付另外的1600，還多為車輛加滿了油錢，這些在當下我們下載app時都完全沒有任何提示，簡直就是在詐騙"
HUANG智智,2024年12月28日 19:53,Samsung Galaxy A35 5G,3.72.0,1,"聯絡客服詢問時一定要選擇所在縣市／分店，但是app選項bug無法選取，導致無法送出詢問動作。人在國外無法致電詢問，請盡快修復問題。 只給1星，因為從Line嘗試訂車，然後被建議到app操作，耗費攏長時間後卻得不到答覆，一個早上就這樣沒了。"
陳瑞彬,2024年12月15日 00:20,Samsung Galaxy A53 5G UW,3.71.0,5,"非常人性化的自助租車app,從申請到租車還車都讓人一目了然，大推一下💯💯👍🏻👍🏻"
曾泉溪,2024年12月14日 00:24,Redmi Note 8T,3.70.0,5,好用又方便。
鮭魚紳士,2024年12月12日 17:29,Realme realme XT,-,1,"帳號遭到暫停使用進線客服，被告知會請人員聯繫協助處理車損賠償，然後等到天荒地老。再次致電客服，再次被告知會請人員聯繫協助處理車損，然後再次等到天荒地老。後續不斷致電客服，每次都不斷被告知會請人員聯繫協助處理車損，然後就沒有然後了。貴公司客服當客戶太蠢時間太多，只會不斷跳針，車損問題永遠無法解決，只能被迫放棄使用。"
章子龍,2024年12月9日 03:26,Samsung Galaxy S21 FE 5G,-,5,好的
張惠芳,2024年11月27日 00:09,Vivo X80,-,5,讚
pan pan,2024年11月18日 00:12,Vivo V40,3.69.1,1,"幾年沒租車了，從smart2go變成gosmart，生日優惠跟擺設一樣，平常就有優惠了，生日不能再折？這樣有沒有生日根本沒差多少錢啊！打電話去詢問還說是扣款才會顯示折扣價格，結果根本預定前的價格就是已經折扣過的，害我們以為會再打折才租。"
Deborah,2024年11月9日 22:19,Sony Xperia 10 VI,3.68.1,5,更新後 目前很棒
美吟,2024年11月3日 10:08,Samsung Galaxy A54 5G,3.68.1,2,"車身很髒，希望可以配合加油站洗車功能，尤其颱風過後整個車身噴的髒兮兮，問客服只能自費洗車，覺得不合理。希望改善"
盧靜嫻,2024年10月23日 12:38,Samsung Galaxy S9+,3.67.0,1,"計價方式誤導消費者! 它標榜租超過10小時最多收10小時的錢，但是我使用了14小時多它卻多收我500多元，客服回覆說因為我設定還車是晚上10點，但實際還車是11點多，所以超過的一個多小時以原價記費。 （但我的認知是你寫超過10小時最多只能收10小時） 客服說條款裡都有寫（所以請各位想使用的請將條款一條一條看過並理解） 花500多元買一個教訓，跟各位分享以後要租車請直接將時間拉滿24小時，就不會有這個問題了，先幫各位省下冤枉錢。"
Aaron,2024年10月19日 02:15,LGE LG WING,-,1,沒有開放外籍人士租共享車
Chi Min Tien,2024年10月5日 16:18,Huawei P30 Pro,3.66.0,1,9/29 版本一直閃退
吳彥輝,2024年9月28日 20:18,Samsung Galaxy S23 Ultra,3.65.0,5,使用方便迅速
黃志弘,2024年9月22日 13:10,Samsung Galaxy A54 5G,3.65.0,5,向客服留言反應問題，很快得到回覆
葉柏凱,2024年9月8日 07:34,HTC U23,3.64.1,5,"先前往門市櫃檯辦理，第一次的租車與會員註冊資料，再櫃檯的協助下，處理app程序。 使用了近4個月，很順，可說是，簡易操作網上程序。 另一個iiR的，是線上申請完成 只用了幾次，但體驗不佳。"
Liu Cheng,2024年8月25日 18:33,Samsung Galaxy S23 Ultra,-,4,"註冊方便快速，軟體操作介面清楚，車款多元 歡迎輸入我的格上租車邀請碼：2x23r 註冊輸入成功，可享好友專屬優惠"
CHANG CHILI,2024年8月16日 18:36,Sony Xperia 1 V,3.62.1,1,會叫客戶付費幫他們修莫名奇妙地刮痕喔，要小心！
Ku Ku,2024年8月13日 03:49,Oppo OPPO Reno7 5G/Find X5 Lite,-,1,"不知道的以為自己住在偏遠山區，我是住在繁榮的市區耶，結果附近完全沒有車，同站租還兩三隻貓，異站租連半隻貓都沒有，真不知道用你們家的意義在哪"
蔡文國,2024年8月1日 17:49,Sony Xperia 1 V,3.61.0,1,"拍照上傳完成還車離開後，系統通知尚未還車，聯絡客服說沒有還車紀錄要求使用者在回去停車場再重新操作一次還車手續，不知道是app 系統當機還是什麼原因導致沒有還車紀錄，感受很差"
江威,2024年7月19日 21:11,Vivo Y38 5G,-,1,"要不是只有一星，我連一顆都不想給 一直都有在使用格上租車（昨天才剛借完3天還完車），結果到今天竟然無預警把我停權了，原因是我哥2年前被格上停權，所以連帶我這個弟弟在2年後的今天被停權了？客服還回覆不會在開通了？請問會員規章裡面有寫會員停權誅連九族嗎😒😒"
Ping-han Han,2024年6月27日 02:28,Samsung Galaxy S22 Ultra,3.58.0,5,"目前用起來沒啥大問題，大概就是要取車時的信用卡預授權會花一點時間，在夏天的地下停車場用起來會有點燥。"
蕭易修,2024年6月25日 08:19,Sony Xperia 10 III,-,5,"謝謝格上提供便利的服務。建議，APP增加以車型作為搜尋條件之一，使用者快速搜尋附近的指定車型，增加更多體驗。"
李小綠,2024年6月20日 15:11,Asus ZenFone 6 (ZS630KL) (WW) / 6Z (ZS630KL) (IN),3.58.0,1,"這評分，看來這公司也不太在乎用戶體驗！？ 優惠碼要註冊輸手機的同時輸入，沒印象有這格也沒用，因為你就是沒輸入！那麼多租車的，真的可以先試別家就好！ 這麼簡單的問題，客服能讓我打了四通電話(每次講的都不同)丶接了五通回覆，才讓我知道要快刪掉APP去別家吧！"
致遠,2024年6月19日 09:37,Oppo Reno 11,3.58.0,1,"租車的人要自己注意，租賃車輛竟未辦理，北市停車費自動扣繳，等你後續收到掛號信催繳，雙倍罰款外，家人還要問你，怎麼會去租車...鳥事一堆，不如用iRent"
t6192,2024年6月10日 20:08,Xiaomi 12X,3.58.0,1,垃圾app 騙朋友推薦優惠碼 辦完說不能輸入
林Yu -Fan,2024年5月25日 23:26,Sony Xperia 10 IV,-,2,優惠卷選項設計上不夠直覺，還有付款到數計時 不安好心
李昀,2024年5月25日 21:37,Samsung Galaxy S22+,3.57.0,4,"使用快一年多，都算是蠻順利的，只是有時候明明看到有車，但app上沒顯示，車過很久也沒被租"
Yeh,2024年4月16日 00:27,Samsung Galaxy S22,3.54.2,5,還不錯 便宜好用 就是桃園希望可以多開一點 歡迎輸入邀請碼一起賺300元補貼 Q5NeB
柳嚴,2024年4月13日 11:13,Samsung Galaxy S20 FE 5G,3.54.2,3,邀請碼：Q5iHT 第一次使用，過後補心得🤧
JWYS,2024年4月9日 17:10,Samsung Galaxy A53 5G UW,3.54.2,1,"第一次使用貴公司租車服務！ 有問題跑到門市詢問，服務員一問三不知+打0800客服永遠忙線中+智能客服答非所問+打站所電話沒人接到自動掛斷....... 這樣的體驗，很難會想繼續使用！"
Aaro H.,2024年4月6日 20:03,Google Pixel 8 Pro,3.54.2,1,"1. 你常常會需要電話客服，但假日客服需要等15分鐘以上 2. 同站租還不會保留車位，原停車場滿了，自己要想辦法聯繫客服和找其他車位還車。 3. 客服還會說這種狀況要趕快打進來（就接不通，還說）"
Manto Nemo,2024年4月5日 13:12,Samsung Galaxy S22 Ultra,3.54.2,1,"我沒欠你們任何一次錢，訂閱那麼多次了問題一堆規定一直改，第一次是開公司發票要繳一堆證明文件，第二次是要續約跟我說我自己的罰單太多不給續約了，訂閱跟共享還有日租，沒出過車禍沒遲繳什麼錯都沒有，就因為罰單被取消續約資格？我又不是欠你們干你們什麼事，比和運貴就算了要求還那麼多無言，我罰單還只是ETC沒繳跟停車費沒繳被罰的，之前出國回來就忘了繳被罰的也不是重大違規，要不是我提早發現，還車前才發現不然日常交通部分我不就會受到影響了"
陳明德,2024年4月4日 18:17,Samsung Galaxy A51,3.51.0,5,很棒
Tim Lee,2024年4月3日 20:00,Samsung Galaxy M13,3.54.2,5,"已多次租借使用，體驗很好，有需要會再租借車輛。"
星星,2024年3月20日 19:18,-,3.51.0,1,無故停權的垃圾東西
林小澀,2024年3月13日 21:12,Realme realme GT Neo2 5G,3.52.0,1,服務員態度極差
林老師,2024年3月12日 23:43,realme 7 5G,3.52.0,1,假日不能只租一天
lunar Fiend,2024年3月9日 01:25,Google Pixel 7a,3.51.0,5,沒有比較沒有傷害😏
何何,2024年3月5日 06:21,Samsung Galaxy S22 Ultra,3.51.0,1,"沒事被說攜帶毒品被停權，有就報警啦，我反應還可以解鎖是怎樣，完全沒邏輯"
Felix Lan,2024年2月18日 13:31,Samsung Galaxy A52s 5G,-,1,"12次租車，有7次要找客服解決車子問題，其中還2次沒電，打去客服還說後台看電池都是正常的，爛到暴。"
吳冠霖,2024年2月14日 13:46,POCO X3 Pro,3.50.2,1,"這個軟體很危險，驗證信用卡不通過，卻能盜刷我的卡，大家一起下架這個垃圾軟體，千萬別再上當了"
Joanne,2024年2月7日 13:36,Samsung Galaxy S23,3.50.1,4,簡單好用
陳安雅,2024年1月21日 15:20,Oppo OPPO Reno8 5G,-,5,"很好用又很便宜，但因為跟LINE GO有合作，不用特別載app，就先卸載了 ☺️☺️☺️ 未來會繼續跟格上租車的（路邊租還真的很方便）"
Eric,2024年1月20日 12:18,Google Pixel 7a,3.48.1,1,"App不順卡卡，一直轉圈圈，租金也不便宜"
新鮮芋頭,2024年1月17日 13:00,HTC Desire 21 Pro 5G,3.47.0,3,可否增加尋車功能，有些停車場車格很多地上卻無畫編號，找車要花五分鐘甚至更久憑運氣，又不是刮彩券
巫秋賢,2024年1月10日 19:14,Sugar SUGAR S55,3.48.0,5,使用之機會
Yha Ysa,2024年1月8日 20:14,Redmi Note 12 5G,3.48.0,5,😝
張博淵,2024年1月5日 19:37,Samsung Galaxy S21 Ultra 5G,3.46.0,1,"非常糟糕的體驗，建議大家去用irent，要不是至少要給一顆星，我一定給他0顆星！！！爛透了"
張建仁,2023年12月26日 12:25,Oppo A77 5G,3.46.0,5,很好啊！
Ethan Lin,2023年12月23日 20:02,Vivo V2104,3.46.0,1,"一天內租到兩次都是電瓶沒電，一上車就收到簡訊說偵測到你的車電瓶電壓不足，那為何還讓使用者租？ 一天還遇到兩次，早上客服打通了，說會把車費歸零再還車。晚上又遇到，是運氣多差，還是品質太差？這次客服打了六七分鐘都打不通，繼續算電話費，繼續等，然後就順便還車。還完了剛好接通了，說已經還車就沒法把車費歸零，已付的錢後續會再聯絡我，就這樣。 所以今天租格上兩次共浪費我一個多小時，加吉時保保費兩單和等超久的電話費，和沒用到車的租金80元，好棒棒。 回報車電瓶沒電後，打開地圖還是看得到那台車喔，只能說下個租客誰租到誰倒楣！"
威儒,2023年12月20日 18:55,Redmi 12C,3.46.0,4,不曾錯
T Terry,2023年11月27日 14:31,Redmi Note 8 Pro,3.44.1,1,"不能補開統編，電話跟app 都沒人回"
陳怡君,2023年11月9日 23:44,Samsung Galaxy A22 5G,3.43.0,4,很方便。但。可租還的區域還不夠廣泛。希望能再廣泛些。謝謝。
林官賢Lin Kuan-Hsien,2023年11月3日 10:31,HTC U23 pro,3.43.0,3,本人和證件合照的功能無法自動對焦很難用
楊凡,2023年11月1日 12:32,HTC U12 Life,3.42.0,1,爛爆 一直補件 人工審核還不會過 這是人的問題
Alpha Lau,2023年10月31日 10:51,Google Pixel 7 Pro,3.42.0,1,"一直審核不通過，不曉得要多高清圖片，連自拍部分用錄的也不合格@@怪 還是用iRent好了，相對iRent車多據點多"
張Jacky,2023年10月27日 17:46,Samsung Galaxy Note9,-,1,會用個資向監理所查罰單資料 ， 電話客服態度很差。
Jason Pan,2023年10月13日 18:59,Samsung Galaxy A54 5G,3.41.0,1,"打電話給客服，客服人員的態度不是很好，說好的預刷2500元，最後還是被扣款"
江峻（XAVIER）,2023年9月30日 07:47,Oppo PCRT01,-,4,還可以，但車子少，很難找
歐芭尚,2023年9月26日 11:48,Sony Xperia 1 II,-,2,"09/08預約09/26以及09/28的分享車訂單居然會自動消失！還好有再預約到，不然行程就出問題了！ 你們為什麼不明示預約的限制，要讓客戶發生狀況呢？無法理解。 取車後沒有機制反應車內的缺失狀況，還要打電話到客服反應。"
Kevin wang,2023年9月21日 00:44,Samsung Galaxy S20+ 5G,3.40.0,3,高雄同色區域租還服務怎麼不見了？還蠻方便的說，可惜
Jim Chen,2023年9月18日 21:23,Sony Xperia PRO-I,3.39.1,1,"非常糟糕的app體驗，租車的時候都沒有問題結果要還車的時候不是一直當掉跳出，不然就是上傳太久一直出現錯誤訊息，非常懷疑上架前是否有用各種系統的手機測試過，一次就算了但每次至少都要花半小時以上的時間在車子前面拍一堆照片還還不了車，真的會讓使用者的感覺很糟，至少我已經不打算再使用了🫠"
ShangEn Wu,2023年9月16日 15:57,Oppo A77 5G,3.39.1,2,車子後面出風口沒風
阿魂,2023年9月15日 18:41,Vivo vivo X90 Pro+,3.39.1,3,希望還車能有個彈性是時間 例如5分鐘？！ 車都停完了上傳內外照，直接超時 orz
樹樹Susu,2023年9月12日 12:29,Sony Xperia 1 II,3.39.1,5,"格上Gosmart的部分一直越來越有感的進步了 想必開始賺錢了吧？ 最近發現站點離多生活圈越來越近，不曉得是不是也會考慮常用使用者的取車地點來擴增取出站點，希望可以直接開在我家樓下或是上班地點旁邊"
詹鳳娥,2023年9月11日 08:36,Oppo OPPO Reno8 5G,3.31.0,5,好的
Kfldld Fmm,2023年9月6日 13:20,Realme realme GT Neo2 5G,3.39.0,1,刻意要求拍照竊取資料
Tony,2023年9月3日 23:40,Vivo V2046,-,1,"爛服務，車又少，註冊還要搞東搞西打電話，跟家人斷絕關係要怎麼聯絡，有事嗎？外面日租都沒那麼麻煩"
行人型人,2023年9月3日 22:51,Sony Xperia XZ1,3.38.0,1,無法開啟共享租車 無法定位
SW P,2023年9月1日 17:51,Sony Xperia 1 II,3.38.0,1,"一直補件一直審核不過，我是不曉得你們到底要多高清的照片啦，但是我可以確定這是最後一次送審，如果在不過我也不會使用你們家的慘品了直接刪APP"
張君瑋,2023年8月21日 12:43,Samsung Galaxy Z Flip4,3.37.0,1,更新後瘋狂閃退
蔡佳泰,2023年8月8日 11:56,Huawei HUAWEI P30 lite,3.36.0,1,彰化沒得租
山野沃客,2023年8月6日 17:35,Samsung Galaxy M42 5G,3.36.0,2,"實體門市還是對於老客戶服務好很多，懂得協助客戶需求值得加分。 至於App算了，自動AI認證錯誤還不能自行修正？手動審核客服沒有權限要等兩至三天……。 不然就是系統問題，訊號不穩各種閃退真的很無言。"
venus chen,2023年7月28日 22:49,Samsung Galaxy S21 5G,-,1,設計不良，整體使用操作真不方便。
Wei P,2023年7月22日 14:02,Xiaomi Mi 10 Pro,3.35.1,1,共享汽車功能完全無法使用，跟iRent介面比起來，差爆了
喬珠,2023年7月15日 15:50,Oppo OPPO A74 5G,-,5,台大校友會決束
梁美華,2023年7月12日 07:37,Samsung Galaxy A52s 5G,3.35.0,5,對我們這種年紀，價錢公道好用
Ian Lu,2023年7月8日 23:14,Sony Xperia 1 II,3.34.0,1,"甲租乙環的車 全台卻只能看到1個0空位的站點 要還車也不知道要去哪裡還 打給客服只會叫你去台北 到台北能不能看到還車站點也不知道"
C JIN-A,2023年7月6日 05:56,Samsung Galaxy A54 5G,3.34.0,5,有比較過 格上確實進步很多 有用心
彭文秀,2023年7月3日 16:57,Vivo V2050,-,5,真好
洪文幸,2023年7月2日 04:43,Oppo CPH2407,-,3,喜歡這個遊戲
Yi-Chun Chuang,2023年6月30日 16:41,Samsung Galaxy S22 Ultra,3.34.0,5,"歡迎輸入我的邀請碼 拿優惠券 kLhd4 第一次租車體驗不錯！而且還是超新的車覺得滿幸運！服務人員態度都很棒！"
阿文,2023年6月17日 23:06,Xiaomi 12 Pro,3.33.0,1,"沒有最扯，只有更扯，你們的客服會打來說停車場有負號是正常的是吧！你們的客服有沒有一種叫「教育訓練」，客服真的待加強，其他的事情就由你們自己體會吧"
顥然,2023年6月15日 14:58,Xiaomi 12X,3.32.0,1,"訊號不好租金算客人的 上次租車格滿位等了快一個小時 也沒補償，也是算客人的 可否請檢討一下客服的應對措施"
許晟瑋,2023年6月14日 00:29,Samsung Galaxy A54 5G,3.32.0,4,"整體評價 ok 客服人員也相當有禮貌 不過建議 若有配合地下停車場的 能協調 劃設 格上專用車格 於b1或 （訊號相對佳的地方）靠近天井處 避免 客人 與客服人員操作租還車的不便 謝謝"
小肉鬆,2023年6月13日 00:08,Asus ROG Phone 5 series,3.32.0,1,"本人姓蔡 從2022/3/11開始加入並承租格上租車的車種至2023/6/12共計1年又3個月對於總消費額度來到165976元這是我一筆一筆的用計算機敲出來的 為何會這樣是因為對於格上租車公司的服務態度跟型態感到非常失望，起初租車是由愛瑞特轉到格上租車的，一開始對於格上的服務態度應變能力感到相當滿意，但是，我覺得是市場占有率提高了，服務品質越來越差對於事件處理令人感到相當不滿憤怒，所以以後不會再繼續使用格上租車任何服務或是商品，對於格上租車這個品牌失去信任，不推薦親朋好友體驗格上租車的服務"
雲南光,2023年6月9日 12:45,HTC U23 pro,3.32.0,3,請問有開App閃退的解決方法嗎？
陳美華,2023年6月4日 09:43,Huawei nova 3i,-,5,讚讚讚
songchun lee,2023年6月2日 03:44,Vivo V2029_PK,3.32.0,5,好棒
chen sean,2023年5月31日 02:21,Google Pixel 6a,3.32.0,5,"整體體驗極佳，車子很乾淨，APP使用起來也非常順暢快速，付款也方便，在各方面都比irent更好！"
god70541,2023年5月26日 21:00,Samsung Galaxy S23+,3.31.0,1,"先說重點，不要選地下停車場的站點。今天租車就搞了半小時，一直出現異常，客服說因為地下室訊號不良，車機收不到訊號，請我取消再重租，然後我原地重租一台就很正常；之後還車又是困難重重，照片全部拍完右滑還車後跳出請聯絡客服(606)，打第一次要我把App重開再試一次，第二次還車想也知道一定又異常，然後再打一次客服才說幫我遠端還車，照片一樣要拍，今天就拍了一大堆TIIDA照片，搞得像幫自己愛車拍照一樣。客服就打了4通共18分鐘，浪費一小時在租還車"
游春松（喃无地藏金鋼佛如來）,2023年5月14日 22:40,Vivo V2126,3.29.0,2,格上租車
韞翔王,2023年5月6日 20:11,Oppo CPH1725,3.30.0,5,好的
Pohsi L,2023年5月3日 11:20,Samsung Galaxy Z Flip4,3.29.0,5,非常好
邱柏菖,2023年5月2日 22:32,OnePlus 7 Pro,3.29.0,1,"註冊共享汽車上傳影片這關永遠顯示失敗，爛透，到底在優化什麼"
diana diana,2023年5月2日 20:51,Samsung Galaxy Note9,3.29.0,1,超級糟糕，那個認證的自拍影片弄了很久還是上傳失敗。系統不好就算了，就不能有別的認證方式嗎?
蔡小文,2023年5月1日 10:00,Google Pixel 6,3.29.0,5,"之前是四年irent重度愛用者，最近因為irent改了太多規則，一堆亂扣分，就 回來使用，發現格上車很新，租車也不會一大堆規定，重點是比irent優惠太多太多了，用生命推薦的好租車"
ricky HSU,2023年4月30日 11:37,Redmi Note 8 Pro,3.29.0,1,要做共享車審核，上傳自拍影片一直上傳失敗
Chih-Chiao Yang,2023年4月28日 19:15,Asus ZenFone 7 / 7 Pro (ZS670KS/ZS671KS),3.29.0,3,"今天第一次路邊租車就遇到系統出錯，無法辨識還車地點，撥通客服就花了19分鐘，解決系統問題共多花半小時，整體服務只能給個3星(系統不穩扣2分，客服處理很積極滿分)"
賞寇,2023年4月15日 06:27,Xiaomi MIX 2S,-,1,使用體驗太差勁，爛東西，要租小貨車居然沒選項。
雨雨,2023年4月13日 23:22,Samsung Galaxy A71,3.28.0,1,錄影完全註冊不能用，是在哈囉?
DOWN RUN,2023年4月10日 11:18,Realme realme GT Neo2 5G,3.27.1,1,不能預訂當天租/當天還
翁士傑,2023年4月8日 19:26,Huawei nova 3i,3.27.1,1,"緊急聯絡人的電話就一定要手機號碼 然後審核從2022年3月到現在都2023了，過了一年還在審核中是在耍人？ 要申請刪除帳號還顯示有爭議的訂單未結案不給刪帳號是在哈囉什麼，實在太扯了。 不推薦其他親朋好友使用這爛App"
鮮奶紅茶,2023年4月8日 10:35,Samsung Galaxy A53 5G UW,3.27.1,5,租了幾次，車況好，借還方便，臨時有狀況，客服也能即時聯絡上
許家銓,2023年4月6日 02:01,Oppo OPPO Reno5 pro,3.27.1,1,"爛透了，扣款預扣金額就算了，還車前已查看繳款金額，明明可以扣款不足的金額，結果還車是扣總數金額的第二次，讓我還車耗了快半小時，重點刷了第二筆，第一筆還沒退款，客服回應（要7~14天才會退款），那我之前當天退款都是假的嗎？還有，轎車內外裝也髒的要死，還顯示已清潔，下雨天，雨刷也刷不乾淨，是在騙人嗎？"
stevensayhi,2023年4月3日 17:49,Samsung Galaxy M12,3.27.1,2,4/3更新後 站點歸還 車輛點不到
YS Zhu,2023年4月1日 17:01,Asus ZenFone 5Z (ZS620KL) (WW) / 5Z (ZS621KL) (IN),3.27.1,1,申請上傳自拍影片時一直失敗，上傳當下網路非常穩定
martin chu,2023年3月31日 20:40,Samsung Galaxy M32 5G,3.27.1,1,信用卡被盜刷 安全性堪慮
Johnny Chen,2023年3月22日 10:07,HTC U12+,3.27.0,3,"最近付款流程到最後要上傳圖片的時候，傳送速度很慢且容易失敗(確定手機網路沒問題)，然後…之後又整個拍照流程要重新再來一次，導致還車時間只能一延再延，真的很糟糕。"
Billy Hsia,2023年3月20日 20:12,Google Pixel 4a,3.26.2,4,"拍證件時，沒有框框，一直都送件失敗，後來用iPhone才解決，希望能更新喔！"
莊王政（黑豬）,2023年3月20日 11:53,Realme realme GT Master Edition,3.25.2,1,"爛 不能還車地點居然也讓客戶正常還車。 然後就變成誤導租車人 要繳交調度費用1640元"
江秉峰,2023年3月17日 09:05,Google Pixel 5,3.26.2,1,待改進
N Chen,2023年3月14日 19:10,Samsung Galaxy S23 Ultra,3.26.2,1,"哪個沒邏輯工程師設計的笨app， 填基本資料時有居留證的選項，填好後上傳照片時也沒跳出不允許居留證號申請，直到審核後才告知審核失敗，那我辛苦準備資料拍照是幹嘛？基本資料填完，若不給居留證申請就應該不允許上傳，而不是照片都拍了上傳了才告知審核不過。 另外，即便有永居、本地駕照也不給使用，irent都沒這問題，根本歧視外國人啊。"
宋善解,2023年3月2日 17:51,Asus ZenFone 2 (ZE551ML),3.25.1,5,"沒更新，進不了。好吧，更新→結果app就閃退！？請幫幫忙！ 還真湊巧，好險是中午租車即還。晚上一更新，糟了……就app閃退，重開機也一樣 我Asus Zenfone2，Android6.0"
Yi Wu,2023年2月28日 13:32,Samsung Galaxy S7 edge,3.25.0,1,希望臉部數據不會外流 驗證要用app相機自拍照 還有要影片錄轉臉
Gary,2023年2月25日 06:39,Samsung Galaxy Z Fold3 5G,3.25.0,1,"租到的車剛上車就發現爆胎了，聯絡客服就叫我自己從app還車另外再租其它車，完全沒有要幫我處理後續問題的意思。連假行程都排好了，車子早就被租完了。"
廖晟佑,2023年2月19日 14:37,-,3.24.0,5,使用邀請碼 nnuKD 送$300元折價券
沃馬影像 MLGB Film,2023年2月11日 14:46,Sony Xperia 1 II,3.24.0,1,悠遊卡綁定不見了 也沒辦法用悠遊卡開鎖車門
hannyih,2023年2月6日 20:11,Sony Xperia 5 III,3.23.0,1,"App待改進，本來對格上的印象與各種使用體驗都優於紅色同業，但今天使用a租b還服務體驗非常糟，租車前只能知道a點有車借，b點是簽約可還停車場，但租了車之後要還車才發現b點即時有實際車位可停，但因為格上跟b點停車場簽約的停車格滿了，所以無法還，本以為是b點被格上的車停滿了，但打開app,b場根本沒格上的車可以在租，完全搞不懂為何會有停滿的意思，最後停到3公里外的停車場才行還車。浪費時間浪費錢。 退一步來說，如果租車前我能找到我家這邊停車場是不能還的狀態的，我根本不會租這種a租b還服務，希望你們工程師能改進讓我們租車前就能知道那邊可以還車，再自己考量要不要租，拜託。"
Spike 張玄昊 (BK),2023年2月1日 01:39,LGE G8S ThinQ,3.23.0,5,做得越來越好了
ckd8888,2023年1月31日 22:00,LGE X6(2019),3.23.0,4,"這輩子還沒租過車,以前聽太多不好租車行案例,但總需一試,今天首次用這app,註冊介面不難,審核速度超快才幾分鐘就通過了,真讚! 現就等待用車體驗囉...先保留一星待後評.."
Tony Su,2023年1月19日 08:20,Redmi  Note  7,-,1,去做傻事。
陳信昌,2023年1月8日 21:29,Google Pixel 3 XL,2.0.17,5,租車用app很流暢，價格明細也清楚
Ryan Kuo,2023年1月8日 13:11,Google Pixel 5,3.22.0,1,"單就緊急聯絡人電話不能自由修改，導致「共享車」帳戶審核失敗，就知道這間公司的app寫的有多爛！還打電話勒？直接選擇刪除帳號了！爛！"
YunYunYun,2023年1月5日 19:04,HTC U11,3.22.0,1,緊急聯絡人電話填錯，按儲存後就無法修改
mars lin,2023年1月5日 16:09,Samsung Galaxy Z Fold4,3.22.0,2,審核一直沒過，不知道哪裡出問題，也沒有客服可以找
鄭宇超,2023年1月4日 19:16,Samsung Galaxy A21s,-,5,同意見
Ci Dong,2023年1月1日 17:00,Samsung Galaxy Z Fold4,3.22.0,5,操作體驗比和運好太多了
Wei,2022年12月30日 21:44,Oppo CPH2145,-,3,尚未清潔的車子有優惠折扣，可是為什麼不能同時使用自己的優惠卷？
l.w lee,2022年12月29日 17:41,Oppo Reno,3.22.0,1,里程加價後 價錢幾乎變2倍 漲太多了 另外找租車公司吧！
Leonarka Geo (阿傑),2022年12月29日 03:36,Xiaomi MI 9,3.22.0,2,"第一次使用，體驗就很差，前一個人停在b3，到了車前，我的手機有網路，但似乎汽車方的內部網路連不上，無法啟動，之後訂單就不見了!!! 也才剛到租車時間兩分鐘，訂單到底成不成立也無法得知，打給客服完全無法打通，都是忙線或是直接說網路系統錯誤修復中，後來就租同停車場的irent了"
vini su,2022年12月24日 12:42,Sony Xperia 1 III,3.21.0,3,千萬不要路邊租還，除非你很有把握目的地在還車範圍&&路邊停車格很好找，不然就是個坑
顏dewinds,2022年12月18日 17:43,Oppo R17 Pro,3.20.0,1,一直審核失敗，眼睛是有什麼問題
黄世明,2022年12月18日 14:10,Redmi Note 11 Pro 5G,-,4,好
TSEN RITA,2022年12月17日 15:23,Samsung Galaxy Note9,-,1,"很難用，註冊要一直重複輸入，還要一直重複拍照，審核還一直失敗，弄了3天也弄不好，打給客服也不能解決，只能幫忙紀錄問題，那要怎麼租車？"
Yenming Lu,2022年12月14日 19:02,Xiaomi Mi Note2,3.20.0,5,車子清潔有到位，沒有異味，租用也很方便。
台灣兒童課後生活發展促進會,2022年12月4日 15:19,Oppo AX5s,3.20.0,5,"功能操簡單方便，地圖也標示的很清楚，重點是車內打掃乾淨整潔，設備也非常的新，值得推擠。"
羊奶sheep,2022年11月29日 20:44,Xiaomi POCO F1,3.19.0,5,"車子很乾淨,app介面操作方便,希望之後會更好"
江王志平,2022年11月26日 18:58,Samsung Galaxy S6,3.19.0,5,可以
BIRD LIN,2022年11月21日 00:42,Xiaomi MIX 3,3.19.0,1,"第一次租共享車，車子被停車場管理員糾正沒配合月租，卡在停車場路口出不去，有夠丟臉，客服一直忙線，接通又說要再確認，不能告訴要多久，待在悶熱的地下室顧你家的車等了40分鐘無回應，所幸不爽租了，行程嚴重被耽誤，跟客服說不爽租了。根本沒開到，說不會扣錢，結果還車操作app還硬要扣四塊的里程費才給你還車，就知道有多乞丐! 車況問題打給客服不只無法解決問題，不只打不進去，還會孤等浪費時間，最後說不租會不收錢，但還是硬扣你錢才能還車。要租車者請三思！！慘痛經驗"
泡水的吐司,2022年11月5日 19:55,Samsung Galaxy M42 5G,3.18.0,1,"一個線上客服電話打去等了10分鐘沒人接 怪怪 你們是沒客服還是沒人？ 一直說所有人員忙線中？ 好不容易接通 又說要打另外一個電話...我又要重新再等多久？ App上也是你們自己顯示那個0800的電話 你們到底要大家打幾號？？"
Liao Emaxya,2022年11月3日 23:18,Redmi Note 9 Pro,3.18.0,4,希望取車流程可以簡化點，能對比iRent
rico ma,2022年10月27日 17:02,Samsung Galaxy S22 Ultra,3.17.1,5,我是香港遊客，請問怎樣登入注冊會員？能注冊的國家只有 ＋886 和＋86……
Savian薩維安,2022年10月27日 11:08,Oppo Reno7 Z 5G/Reno7 Lite 5G/Reno8 Lite 5G,-,1,根本不能開
黃郁婷,2022年10月25日 12:36,Vivo V2127,3.17.0,5,優秀又好
Mystic Lin,2022年10月21日 19:41,Asus Zenfone 8,3.17.0,2,"仍在逾時取車的15分鐘內，「開始取車」按了毫無反應，「車格資訊」、「車況照片」卻都可以點選...."
吳素月媽媽的手機號碼啊打吧?,2022年10月20日 17:51,Oppo CPH1725,3.17.0,5,大家加油喔。
